Airline Stock Short Sellers Have Made A $4B Profit In 2020,"May 05,2020"
Warren Buffett just made this group of traders almost $200 million,"May 05,2020"
Here's How Bad United Airlines Job Cuts Could Be In October,"May 05,2020"
Why Buffett Was Wrong To Dump Airlines,"May 06,2020"
"Who’s In? Who’s Out? Walmart & Twitter Dropped from the S&P 500 ESG Index, Among Other Major Changes","May 06,2020"
"UPDATE 2-United Airlines to raise $2.25 bln in bonds, rolls back plan to cut work hours","May 06,2020"
Is Delta Air Lines Stock a Buy?,"May 07,2020"
Airline stocks snap losing streak as JetBlue deems demand has already bottomed,"May 07,2020"
Why Airline Shares Are Up Today,"May 07,2020"
"Thinking about buying stock in Waitr, Chesapeake Energy Corp, American Airlines, Aurora Cannabis, or Carnival Corp?","May 08,2020"
Deluge Of Medical Cargo Cripples Shanghai Pudong Airport,"May 08,2020"
"Why Boeing, Spirit AeroSystems, and American Airlines Stocks Rose Today","May 08,2020"
3 Lessons From Warren Buffett's Airline Stock Fiasco,"May 08,2020"
Warren Buffett Just Taught Investors Another Big Lesson About Greed,"May 09,2020"
"2 Stocks I Bought This Week, and 2 Stocks I Sold","May 09,2020"
"Bulls And Bears Of The Week: American Airlines, Peloton, Roku And More","May 09,2020"
"SB Capital Management Inc. Expands And Diversifies Its Investment Portfolio Amidst Coronavirus Pandemic, Setting Sights On Long Term Gains","May 11,2020"
US STOCKS-Futures slip on fears of new wave of coronavirus cases,"May 11,2020"
The AAL Paradox: Analysts Bearish But Forecast 19.33% Gains,"May 11,2020"
"Thinking about buying stock in MacroGenics, BioCryst Pharmaceuticals, American Airlines, Revolve Group, or Microsoft Corp?","May 12,2020"
UPDATE 1-BOC Aviation says lessors may have to take back planes later this year,"May 12,2020"
"U.S. will let air carriers suspend more flights, warns on refunds","May 12,2020"
"UPDATE 4-World's largest wealth fund blacklists Glencore, other giants over coal use","May 13,2020"
"Airlines are on the brink of bankruptcy — what happens to your voucher, travel miles and airline credit card if they go belly up?","May 13,2020"
Stock Market News: Why Airline Stocks Are Losing Altitude Again,"May 13,2020"
"Thinking about buying stock in Aurora Cannabis, Co-Diagnostics, NovaBay Pharmaceuticals, Aytu Bioscience, or American Airlines Group?","May 14,2020"
US STOCKS-Futures fall on fears of prolonged economic downturn,"May 14,2020"
North American Passenger Airlines Expand Cargo Flights In May,"May 14,2020"
American Airlines to Webcast Presentations at Wolfe Research and Bernstein Conferences,"May 15,2020"
"Airport vending machines are starting to sell face masks, gloves and alcohol wipes","May 15,2020"
3 Big Revelations from Warren Buffett's Latest Investing Moves,"May 16,2020"
Will COVID-19 Permanently Ground Airlines?,"May 16,2020"
"Thinking about trading stocks and options in Moderna, Vir Biotechnology, Scientific Games, American Airlines, or MGM Resorts?","May 18,2020"
﻿These 5 Dividend Stocks Popular With Millenials All Slashed Dividends… And Won’t Pay Any For Years,"May 18,2020"
"Airline stocks soar on upbeat TSA data, analyst commentary","May 18,2020"
UPDATE 3-Airlines say ticket cancellations slowing but demand recovery still distant,"May 19,2020"
American Airlines may use loyalty program as collateral for U.S. debt -President,"May 19,2020"
UPDATE 4-Airlines say ticket cancellations slowing,"May 19,2020"
"In effort to restore confidence, United Airlines unveils coronavirus safety guide after backlash for flying a packed flight","May 20,2020"
"Thinking about buying stock in Surface Oncology, Inovio Pharmaceuticals, American Airlines, Altimmune, or Aurora Cannabis?","May 20,2020"
"Why Delta Air Lines, American Airlines, and Southwest Airlines Stocks Are Up Wednesday","May 20,2020"
"As The Global Economy Weighs Fears Of A Recession, Travel Is Already In A Depression","May 21,2020"
American Airlines Stock Could Be Worthless,"May 21,2020"
UPDATE 3-Lufthansa closes in on $10 billion state rescue deal,"May 21,2020"
Stock Market News: Will Airline Stocks Rise When Flyers Return?,"May 22,2020"
Air France-KLM bids adieu to A380 jumbo jet,"May 22,2020"
U.S. grants tentative OK for 15 air carriers to suspend service to 75 airports,"May 22,2020"
Airline Stocks Are Soaring: Should You Buy or Sell?,"May 24,2020"
UPDATE 4-Germany stamps authority on Lufthansa with $9.8 bln lifeline,"May 25,2020"
UPDATE 5-Germany stamps authority on Lufthansa with $9.8 bln lifeline,"May 25,2020"
Nordic investors turn up heat on coal in climate campaign,"May 25,2020"
Airline Stocks Climb On Vaccine Hopes But This Carrier May Stand Out,"May 26,2020"
"  GLOBAL MARKETS-Stocks rally, S&P 500 crosses 3,000 barrier; oil gains","May 26,2020"
Why Airline Stocks Are Flying Higher Today,"May 26,2020"
US STOCKS-Futures climb as economic recovery hopes outweigh Sino-U.S. tensions,"May 27,2020"
"It's Still Early, But Smaller Investors May Best Buffett With Airline ETF","May 27,2020"
Stocks Soar Despite Pharma Giant CEO Questioning Vaccine Timelines,"May 27,2020"
Lufthansa Balks At EU Conditions For German Aid Package,"May 28,2020"
"American Airlines Will Be Cutting Thousands of Jobs, Report Says","May 28,2020"
U.S. major airlines roll out more options to avoid staff lay-offs,"May 28,2020"
"With Eye On Rebound, United Looks For Alternative To Furloughs","May 29,2020"
"UPDATE 2-Edging closer to bailout, Lufthansa accepts tweaked demands by Brussels","May 29,2020"
These areas of the economy ‘will not come back’ from the coronavirus pandemic,"May 29,2020"
"Week In Review: How Trump's Policies Moved Stocks - Saturday, May 30","May 30,2020"
UPDATE 3-Lufthansa accepts tweaked demands by Brussels over state bailout,"May 30,2020"
"UPDATE 2-Edging closer to bailout, Lufthansa accepts tweaked demands by Brussels","May 30,2020"
